Item,Effect,Set
Raven Grimoire,Your Special applies CURSE.,Arcane
Blackwing Staff,Your Primary applies CURSE.,Arcane
Curse Talon,Your Secondary applies CURSE.,Arcane
Darkmagic Blade,"Every 10 seconds, slices the air around you dealing 300 damage and applying CURSE to nearby enemies.",Arcane
Witch's Cloak,"Your Secondary deals 10% more damage.
Debuffs you place deal 70% more damage.",Arcane
Crowfeather Hairpin,"Increases Special damage by 20%.
When you place a debuff on an opponent, your Special has a 50% chance of resetting.",Arcane
Redblack Ribbon,"You deal 5% more damage.
When you place a debuff on an opponent, your Defensive has a 50% chance of resetting.",Arcane
Opal Necklace,"When you use your Defensive, apply CURSE to all enemies.",Arcane
Sleeping Greatbow,"Every 6 seconds, fires a slow-moving projectile at your targeted enemy that deals 200 damage.",Night
Crescentmoon Dagger,"Every 10 seconds, your Secondary will deal an additional 400 damage on hit.",Night
Lullaby Harp,"Every 10 seconds, resets Defensive cooldowns for you and all allies.",Night
Nightstar Grimoire,"Every 25 seconds, deal 900 damage to all enemies.",Night
Moon Pendant,"Every 12 seconds, using your Special will deal 400 damage to enemies in a moderate radius around you.",Night
Pajama Hat,Defensive and loot cooldowns are shortened by 2 seconds.,Night
Stuffed Rabbit,"Increases Special damage by 20%.
Every 12 seconds, using your Special will grant you invulnerability for 3 seconds.Starts battle on cooldown.",Night
Nightingale Gown,"Every 15 seconds, OMEGACHARGE your Special.",Night
Eternity Flute,"Every 12 seconds, grants HASTE to all allies for 5 seconds.",Timespace
Timewarp Wand,Your Secondary has a 40% chance of giving you HASTE for 5 seconds.,Timespace
Chrome Shield,Using your Defensive will grant you HASTE for 8 seconds.,Timespace
Clockwork Tome,Your Special has a 50% chance of giving you HASTE for 8 seconds.,Timespace
Metronome Boots,"Your GCDs become 1.10 seconds.
Also moderately increases movement speed.",Timespace
Timemage Cap,Cooldowns less than or equal to 10 seconds become 5 seconds.,Timespace
Starry Cloak,Your Defensive's cooldown becomes 10 seconds.,Timespace
Gemini Necklace,Your Special and Defensive have a 30% chance of instantly resetting when used.,Timespace
Hawkfeather Fan,Reduces your Special's cooldown by 2 seconds.,Wind
Windbite Dagger,"Your Secondary's GCD becomes 0.50 seconds, but its damage is reduced by 60%.",Wind
Pidgeon Bow,"Every 3 seconds, fires a projectile at your targeted enemy that deals 70 damage.",Wind
Shinsoku Katana,Your Primary's GCD has a 50% chance to be 0.80 seconds instead of its normal amount.,Wind
Eaglewing Charm,All your abilities deal 20 more damage.,Wind
Sparrow Feather,Deals 50 damage to all enemies when your Primary or Secondary is used.,Wind
Winged Cap,"Grants a brief speed boost when your Secondary is used.
Also increases base movement speed slightly.",Wind
Thief's Coat,"Every 10 seconds, VANISH for 3 seconds and gain a brief speed boost when you use your Special.
Also increases base movement speed slightly.",Wind
Vampiric Dagger,Your Secondary inflicts BLEED.,Bloodwolf
Bloody Bandage,"When you use your Defensive, apply BLEED to all enemies.",Bloodwolf
Leech Staff,Your Primary inflicts BLEED.,Bloodwolf
Bloodhound Greatsword,"Every 10 seconds, slices the air around you dealing 300 damage and applying BLEED to nearby enemies.",Bloodwolf
Reaper Cloak,Your Defensive additionally deals 100 damage 3 times to enemies facing away from you.,Bloodwolf
Bloodflower Brooch,All abilities deal 40 damage 2 times to enemies facing away from you.,Bloodwolf
Wolf Hood,"Every 6 seconds when you use your Primary, deal 250 damage to enemies facing away from you.",Bloodwolf
Blood Vial,"At the start of each fight, inflict all enemies with SAP for 60 seconds.",Bloodwolf
Black Wakizashi,"Your Primary has a 30% chance of dealing an additional 3 blows, dealing 50 damage each, in a radius around your target enemy.",Assassin
Throwing Dagger,"Every 5 seconds, fires a projectile at your targeted enemy that deals 120 damage.
Cooldown resets every time you use your Special.",Assassin
Assassin's Knife,"Your Secondary has a 30% chance of dealing an additional 2 blows, dealing 50 damage each, in a radius around your target enemy.",Assassin
Ninjutsu Scroll,"Your Special has a 30% chance of dealing an additional 3 blows, dealing 150 damage each, in a radius around your target enemy.",Assassin
Shadow Bracelet,Abilities and loot that hit more than once deal 30 more damage.,Assassin
Ninja Robe,"When a % chance succeeds, erase projectiles around you and VANISH for 3 seconds.",Assassin
Kunoichi Hood,"Your abilities do 15 more damage.
Your loot does 50 more damage.",Assassin
Shinobi Tabi,"Standing still will cause you to VANISH for 5 seconds and resets your Special.
Available every 8 seconds.Starts battle on cooldown.",Assassin
Dragonhead Spear,"Your Primary is 40% more powerful, but gains a cooldown of 3 seconds.
Also slightly reduces movement speed.",Rockdragon
Granite Greatsword,"Every 16 seconds, slices a large radius around you dealing 700 damage.",Rockdragon
Greysteel Shield,"Your Defensive has a 30% larger radius.
Invulnerability effects last 1 second longer.",Rockdragon
Stonebreaker Staff,"Your Special's cooldown is increased by 2 seconds, but deals 40% more damage.",Rockdragon
Tough Gauntlet,"Your abilities and loot all deal 30% more damage, but all GCDs are 0.20 seconds longer.",Rockdragon
Rockdragon Mail,"Your movement speed is significantly reduced.
Will shield you from damage every 45 seconds.Starts battle on 5 second cooldown.",Rockdragon
Obsidian Hairpin,"Increases Special damage by 20%.
Whenever you gain invulnerability, your Special has a 50% percent chance of resetting.",Rockdragon
Iron Greaves,"Every 12 seconds, standing still will grant brief invulnerability and reset your Defensive.
Movement speed is slightly reduced.Starts battle on cooldown.",Rockdragon
Volcano Spear,Your Primary inflicts BURN.,Flame
Reddragon Blade,Your Secondary inflicts BURN.,Flame
Flame Bow,"Every 10 seconds, fires a projectile at your targeted enemy that deals 180 damage and applies BURN.",Flame
Meteor Staff,Your Special inflicts BURN.,Flame
Phoenix Charm,"If you perish in battle, restore to full HP instead.
Only works once.",Flame
Firescale Corset,"All of your cooldowns are reduced by 3 seconds.
If you use your Defensive, this effect ends until the end of battle.",Flame
Demon Horns,"All your abilities and loot deal 30% more damage.
If you use your Defensive, this effect ends until the end of battle.",Flame
Flamewalker Boots,"All GCDs are shortened by 15% and your movement speed is increased significantly.
If you use your Defensive, this effect ends until the end of battle.",Flame
Diamond Shield,"Every 25 seconds, using your Defensive will grant you invulnerability for 5 seconds and erase projectiles in a large radius around you.
Starts battle on 10 second cooldown.",Gem
Peridot Rapier,"Increases Secondary damage by 20%.
Every 8 seconds, using your Secondary will grant you brief invulnerability and erase projectiles in a large radius around you.",Gem
Garnet Staff,"Increases Special damage by 20%.
Your Special will erase projectiles in a radius around you and grant brief invulnerability.",Gem
Sapphire Violin,"Every 18 seconds, grants ELEGY to all allies for 8 seconds.
Breaks if you take damage twice.Starts battle on cooldown.",Gem
Emerald Chestplate,"The counter on this item will decrease instead of you taking damage.
The counter starts at 3 on pickup.",Gem
Amethyst Bracelet,"Deal 30% more damage.
Breaks if you take damage 3 times.",Gem
Topaz Charm,"Gain 8 extra Gold at the end of each fight.
Breaks if you take damage 3 times.",Gem
Ruby Circlet,"Your Special deals 80% more damage.
Breaks if you take damage once.",Gem
Brightstorm Spear,Has a 30% chance of dealing 100 damage to all enemies when your Primary does damage.,Lightning
Bolt Staff,Deals 150 damage to all enemies when you use your Special.,Lightning
Lightning Bow,"Every 12 seconds, fires a projectile at your targeted enemy that deals 300 damage.
Cooldown instantly resets when a % chance succeeds.",Lightning
Darkstorm Knife,Has a 30% chance of dealing 100 damage to all enemies when your Secondary does damage.,Lightning
Darkcloud Necklace,Damage from loot is increased 50%.,Lightning
Crown of Storms,"When a % chance succeeds, deal 200 damage to all enemies.",Lightning
Thunderclap Gloves,All abilities have a 20% chance of dealing 200 damage to all enemies when used.,Lightning
Storm Petticoat,Do 250 damage to all enemies when you gain invulnerability.,Lightning
Holy Greatsword,"Every 10 seconds, grants you SMITE and then slices the air around you, dealing 200 damage to nearby enemies.",Shrine
Sacred Bow,"Every 10 seconds, fires a projectile at your targeted enemy that deals 250 damage.
Cooldown instantly resets when you gain a buff.",Shrine
Purification Rod,"Every 18 seconds, using your Primary will give you ELEGY for 5 seconds.",Shrine
Ornamental Bell,"Every 15 seconds, grants SMITE to all allies for 10 seconds.",Shrine
Shrinemaiden's Kosode,"When you have a buff, your movement speed increases significantly and you deal 25% more damage.",Shrine
Redwhite Ribbon,"You deal 5% more damage.
Buffs you place last 50% longer.",Shrine
Divine Mirror,"Every 10 times you use an ability, deal 500 damage to all enemies.",Shrine
Golden Chime,"Every 2 times you use your Defensive, gain ELEGY.",Shrine
Book of Cheats,"Your Special will have random, chaotic effects.",Lucky
Golden Katana,Your Primary and Secondary have a 5% chance to deal 100 damage 5 times to a large radius around your targeted enemy when used.,Lucky
Glittering Trumpet,"Every 20 seconds, grant RABBITLUCK to all allies.
Cooldown cannot be reset by ability or loot effects.",Lucky
Royal Staff,Your Special deals extra damage based on how much gold you have (1% for every 1 gold).,Lucky
Ballroom Gown,Makes you slightly luckier and slightly increases your movement speed.,Lucky
Silver Coin,"On pickup, gain 30 gold.",Lucky
Queen's Crown,"Critical hits now deal 175% extra damage, instead of their normal 75% extra damage.",Lucky
Mimick Rabbitfoot,"Makes you significantly luckier.
Not a real rabbit's foot.",Lucky
Butterfly Ocarina,"On pickup, heal all allies for 1.
Heals all allies for 1 HP every 2 fights.",Life
Fairy Spear,"Your Primary has a 30% larger radius and deals 30% more damage, but stops movement when used.",Life
Moss Shield,"Every 12 seconds, using your Defensive will reset its cooldown instantly.",Life
Floral Bow,"Every 6 seconds, fires a projectile at your targeted enemy that deals 250 damage.
Only activates while standing still.",Life
Blue Rose,"Your max HP is increased by 1.
Has a 50% chance of healing you for 1 at the end of each fight.",Life
Sunflower Crown,"Your max HP is increased by 1.
You become able to graze slightly into a projectile without taking damage.",Life
Midsummer Dress,"Your max HP is increased by 1.
Ability or loot effects that temporarily slow your movement no longer affect you.",Life
Grasswoven Bracelet,"Your max HP is increased by 1.
All abilities and loot's hitboxes are 30% larger.",Life
Snakefang Dagger,Your Secondary applies POISON for 5 seconds.,Poison
Ivy Staff,Your Primary applies POISON for 5 seconds.,Poison
Deathcap Tome,Your Special applies POISON for 5 seconds.,Poison
Spiderbite Bow,"Every 10 seconds, fires a projectile at your targeted enemy that deals 50 damage and applies POISON for 5 seconds.",Poison
Compound Gloves,"When you deal damage, has a 10% chance to apply DECAY.",Poison
Poisonfrog Charm,"When a % chance succeeds, apply POISON to all enemies for 5 seconds.",Poison
Venom Hood,"Your abilities do 15 more damage.
Debuffs you place deal 50 more damage.",Poison
Chemist's Coat,"Your Defensive applies POISON to nearby enemies for 8 seconds.
Slightly increases movement speed.",Poison
Seashell Shield,Your Defensive has a random cooldown between 1 second and 15 seconds every time you use it.,Depth
Necronomicon,"Every 8 seconds, using your Special will reset its cooldown instantly and CHARGE it.",Depth
Tidal Greatsword,"Every 12 seconds, slices a large radius around you dealing 200 damage.
Slowly gets larger and deals more damage as a fight drags on.",Depth
Occult Dagger,"Your Secondary is 80% more powerful, but gains a cooldown of 5 seconds.",Depth
Mermaid Scalemail,"All cooldowns are reduced by 2 seconds.
All loot and abilities with cooldowns start battles on a 8 second cooldown.",Depth
Hydrous Blob,"Every 8 seconds, using your Secondary will fire an eldritch beast towards your target, dealing 250 damage.
Starts battles on cooldown.",Depth
Abyss Artifact,"Every 30 seconds, using your Defensive will grant you SUPER for 8 seconds.
Starts on a 15 second cooldown.",Depth
Lost Pendant,"At the start of each fight, inflict all enemies with DECAY for 60 seconds.",Depth
Sawtooth Cleaver,"Increases your Primary's damage by 30%, but decreases its radius by 20%.",Darkbite
Raven's Dagger,"Increases your Secondary's damage by 50%, but decreases its radius by 40%.",Darkbite
Killing Note,"Increases your Special's damage by 30%, but decreases its radius by 20%.",Darkbite
Blacksteel Buckler,"Your Defensive's range decreases by 30%, but now has a 2 seconds shorter cooldown and grants COUNTER.",Darkbite
Nightguard Gloves,Whichever ability has the highest base damage value deals 20% more damage.,Darkbite
Sniper's Eyeglasses,You deal 30% more damage when you are separated from your target by at least 3 rabbitleaps.,Darkbite
Darkmage Charm,"When you've been standing still for 1 second, your Special deals 40% more damage.",Darkbite
Firststrike Bracelet,"Every 15 seconds, gain BLACKSTRIKE when you use your Secondary.
Starts the battle off cooldown.",Darkbite
Obsidian Rod,"Your Special's strength becomes the total cooldown time of all your abilities and loot, in seconds, multiplied by 10, divided by the times it hits your target (Maximum of 800 total).",Timegem
Darkglass Spear,"Your Primary's strength becomes your Special's cooldown, multiplied by 30, minus your Secondary's strength, divided by the times your Primary hits your target (Maximum of 500 total).",Timegem
Timespace Dagger,"Your Secondary's strength becomes your Special and Defensive's cooldown added together, multiplied by 10, divided by the times your Secondary hits your target. (Maximum of 500 total).",Timegem
Quartz Shield,"Your Defensive's cooldown becomes 30 seconds.
When a loot item with a cooldown activates, the remaining timer on your Defensive is reduced by that amount.",Timegem
Pocketwatch,Abilities with a GCD less than or equal to 1.10 seconds deal 30% more damage.,Timegem
Nova Crown,"Your Special's cooldown becomes 30 seconds.
Every 8 seconds, this loot item reduces your Special's cooldown timer to 1 second and CHARGES it.",Timegem
Blackhole Charm,"Deal 200 damage to all enemies when you use an ability or loot item with a cooldown of 10 seconds or more.
Hits one extra time for every 10 seconds longer the cooldown is than that, up to 5 times.",Timegem
Twinstar Earrings,"Your Primary and Secondary now have a 2 second GCD, and deal 70% more damage.",Timegem
Kyou No Omikuji,"All damage you deal increases by 50%.
% chance triggers no longer happen, and you no longer hit for critical damage.",Youkai
Youkai Bracelet,"All damage you deal increases by 40%.
Your attacks will no longer have randomized damage, or hit for critical damage.",Youkai
Oni Staff,"Your Special deals 30% more damage.
When a % chance succeeds, your Special goes on a 8 second cooldown.",Youkai
Kappa Shield,"Your Defensive has a 3 seconds shorter cooldown, but can no longer be reset by ability or loot effects.",Youkai
Usagi Kamen,"When a % chance succeeds, gain a random buff for 5 seconds.",Youkai
Red Tanzaku,Miracles occasionally happen.,Youkai
Vega Spear,"Your Primary deals 70% more damage, but gains a 7 second cooldown. When a % chance succeeds, its cooldown resets.",Youkai
Altair Dagger,"Your Secondary deals 30% more damage, but its GCD becomes 4 seconds.
When you use your Secondary, it has a 90% chance to have a GCD of 1 second instead.",Youkai
Ghost Spear,"Your Primary now only deals 10 damage, and applies GHOSTFLAME.",Haunted
Phantom Dagger,"Your Secondary now only deals 10 damage, and applies GHOSTFLAME.",Haunted
Cursed Candlestaff,"Your Special now only deals 10 damage, and applies GHOSTFLAME.",Haunted
Smoke Shield,"Every 24 seconds, your Defensive now grants GHOST.
Your Secondary no longer breaks VANISH or GHOST.Starts battle on cooldown.",Haunted
Haunted Gloves,"Abilities and loot that hit for 100 damage or less now hit for 100 damage, regardless of other loot effects.",Haunted
Old Bonnet,"Abilities and loot that hit once now deal 250 damage, regardless of other loot effects.",Haunted
Maid Outfit,Afflicts surrounding enemies with GHOSTFLAME when you gain invulnerability.,Haunted
Calling Bell,"Every 12 seconds, afflicts surrounding enemies with GHOSTFLAME.",Haunted
Grandmaster Spear,"Your Primary's damage increases by 40%.
Your Special's cooldown increases by 4 seconds.",Gladiator
Teacher Knife,"Your Secondary's damage increases by 40%.
Your Primary gains a cooldown of 2 seconds.",Gladiator
Tactician Rod,"Your Special's damage increases by 30%.
Your Secondary gains a cooldown of 2 seconds.",Gladiator
Spiked Shield,"When an ability or loot effect erases projectiles in a radius around you, deal X damage to that radius as well.",Gladiator
Battlemaiden Armor,Using your Defensive will reset loot and ability cooldowns with less than X seconds left on their timer.,Gladiator
Gladiator Helmet,Abilities and loot that have cooldowns deal 20% more damage.,Gladiator
Lancer Gauntlets,"All damage is increased by 30%.
Your Primary and Secondary gain cooldowns of 2 seconds.",Gladiator
Lion Charm,Deal 180 damage to nearby enemies when an ability or loot with a cooldown is activated.,Gladiator
Bluebolt Staff,Your Primary applies SPARK.,Sparkblade
Lapis Sword,Your Secondary applies SPARK.,Sparkblade
Shockwave Tome,Your Special applies SPARK.,Sparkblade
Battery Shield,"Every 30 times you or debuffs you apply deal damage to an enemy, your Defensive's cooldown resets.",Sparkblade
Raiju Crown,"Every 20 times you or debuffs you apply deal damage to an enemy, apply SPARK to all enemies.",Sparkblade
Staticshock Earrings,"Every 10 times you or debuffs you apply deal damage to an enemy, deal 150 damage to all enemies.",Sparkblade
Stormdance Gown,"Every 40 times you or debuffs you apply deal damage to an enemy, gain invulnerability for 5 seconds.",Sparkblade
Blackbolt Ribbon,"Every 50 times you or debuffs you apply deal damage to an enemy, deal 1200 damage to all enemies.",Sparkblade
Crane Katana,Gain FLOW-STR every time you move 15 rabbitleaps.,Swiftflight
Falconfeather Dagger,Gain FLOW-DEX every time you move 15 rabbitleaps.,Swiftflight
Tornado Staff,Gain FLOW-INT every time you move 15 rabbitleaps.,Swiftflight
Cloud Guard,Gain invulnerability for 5 seconds every time you move 25 rabbitleaps.,Swiftflight
Hermes Bow,"Every 10 seconds, fires a projectile at your targeted enemy that deals 250 damage.
Cooldown resets every time you move 10 rabbitleaps.",Swiftflight
Talon Charm,Deals 150 damage to all enemies every time you move 5 rabbitleaps.,Swiftflight
Tiny Wings,Dramatically increases movement speed.,Swiftflight
Feathered Overcoat,Maxes out your movement speed while you're invulnerable.,Swiftflight
Sandpriestess Spear,Your Primary has a 40% chance to grant you FLASH-DEX.,Sacredflame
Flamedancer Dagger,Your Secondary has a 40% chance to grant you FLASH-STR.,Sacredflame
Whiteflame Staff,"Every 2 times you use your Special, gain FLASH-STR.",Sacredflame
Sacred Shield,"Every 2 times you use your Defensive, gain FLASH-INT.",Sacredflame
Marble Clasp,"Every 5 times you use an ability, gain FLASH-DEX.",Sacredflame
Sun Pendant,"Every 10 times you use an ability, reset your Special's cooldown and gain FLASH-INT.",Sacredflame
Tiny Hourglass,"Every 12 seconds, deal 120 damage to all enemies.
Damage increases by 120 each time it activates.",Sacredflame
Desert Earrings,"Every time you gain a buff, gain another random buff for 5 seconds.",Sacredflame
Giant Stone Club,"Your Primary deals 70% more damage.
Its GCD is increased by 0.60 seconds.Your movement speed is also moderately reduced.",Ruins
Ruins Sword,"Your Secondary deals 100% more damage.
Its GCD is increased by 0.80 seconds.Your movement speed is also slightly reduced.",Ruins
Mountain Staff,"Your Special deals 200% more damage.
Its GCD is increased by 2.50 seconds.Your movement speed is also moderately reduced.",Ruins
Boulder Shield,"Every 30 seconds, using your Defensive will grant all allies STONESKIN.
Starts battle off cooldown.Reduces your movement speed significantly.",Ruins
Golem's Claymore,"Every 20 seconds, grants you STONESKIN for 5 seconds and then slices the air around you, dealing 500 damage to nearby enemies.
Also slows your movement speed slightly.",Ruins
Stoneplate Armor,"Start each battle with STONESKIN for 30 seconds.
Moderately reduces movement speed.",Ruins
Sacredstone Charm,Abilities with a GCD equal to or higher than 1.50 seconds deal 50% more damage.,Ruins
Clay Rabbit,"Every 12 seconds, standing still will grant you STONESKIN for 3 seconds.",Ruins
Waterfall Polearm,"Every 10 seconds, when you use your Primary, gain FLOW-STR for 5 seconds.",Lakeshrine
Vorpal Dao,"Every 10 seconds, when you use your Secondary, gain FLOW-DEX for 5 seconds.",Lakeshrine
Jade Staff,"Every 2 times you use your Special, gain STILLNESS for 10 seconds.",Lakeshrine
Reflection Shield,"When you erase projectiles in a radius around you, gain COUNTER for 3 seconds.",Lakeshrine
Butterfly Hairpin,"When you gain invincibility, gain a random buff for 5 seconds.",Lakeshrine
Watermage Pendant,"Every 12 seconds, when you stand still, gain FLOW-INT for 5 seconds.",Lakeshrine
Raindrop Earrings,"Every 18 seconds, when you stand still, gain REPEAT for 5 seconds.",Lakeshrine
Aquamarine Bracelet,"Every 12 seconds, gain a random buff for 10 seconds.",Lakeshrine